{"cameraMode":{"drawMode":2,"name":"Shaded Wireframe","section":"Shading Mode"},"sceneLighting":true,"audioPlay":false,"sceneViewState":{"showFog":true,"showMaterialUpdate":false,"showSkybox":true,"showFlares":true,"showImageEffects":true,"showParticleSystems":true},"in2DMode":false,"pivot":{"x":393.68267822265627,"y":801.084716796875,"z":277.89617919921877},"rotation":{"x":0.6477851271629334,"y":-0.04107579216361046,"z":0.03502044081687927,"w":0.7599363923072815},"size":172.4973602294922,"orthographic":false}