{"cameraMode":{"drawMode":0,"name":"Shaded","section":"Shading Mode"},"sceneLighting":true,"audioPlay":false,"sceneViewState":{"showFog":true,"showMaterialUpdate":false,"showSkybox":true,"showFlares":true,"showImageEffects":true,"showParticleSystems":true},"in2DMode":false,"pivot":{"x":0.8675895929336548,"y":3.91365385055542,"z":1.6646788120269776},"rotation":{"x":0.27026551961898806,"y":0.038980014622211459,"z":-0.01095128059387207,"w":0.9619400501251221},"size":5.832233905792236,"orthographic":false}